{"cameraMode":{"drawMode":0,"name":"Shaded","section":"Shading Mode"},"sceneLighting":true,"audioPlay":false,"sceneViewState":{"showFog":true,"showMaterialUpdate":true,"showSkybox":true,"showFlares":true,"showImageEffects":true,"showParticleSystems":true},"in2DMode":false,"pivot":{"x":0.03283209353685379,"y":0.082005575299263,"z":-0.0005969109479337931},"rotation":{"x":0.005689952522516251,"y":0.005097370129078627,"z":0.000029355658625718206,"w":-0.9999722838401794},"size":7.634123802185059,"orthographic":false}