{"cameraMode":{"drawMode":0,"name":"Shaded","section":"Shading Mode"},"sceneLighting":false,"audioPlay":false,"sceneViewState":{"showFog":true,"showMaterialUpdate":false,"showSkybox":false,"showFlares":true,"showImageEffects":true,"showParticleSystems":true},"in2DMode":false,"pivot":{"x":-0.11999998986721039,"y":0.0,"z":6.78000020980835},"rotation":{"x":-0.011107728816568852,"y":0.016795653849840165,"z":-0.0001910548598971218,"w":-0.9998038411140442},"size":0.42868223786354067,"orthographic":false}